ad_id,ad_url,listing_type,title,price,area_sqm,bedrooms,bathrooms,property_type,completion_status,payment_method,furnished,location_text,compound,description_full,posted_at,updated_at,days_since_updated,seller_name,active_ads_count,likely_owner
28798360,https://www.dubizzle.com.eg/ad/وحده-في-بالم-هيلز-cleo-اعاده-بيع-من-المالك-ID208391289.html,sale,وحده في بالم هيلز cleo اعاده بيع من المالك,9500000,70,1,1,Studio,Off-plan,Cash or Installment,No,5th Settlement,,"وحده بالتقسيطه علي 10 سنين تم دفع الي الان سنه ونصف اقساط
متبقي اقساط 8 سنين 
تم دفع اقساط مليون وربع",2026-08-16T14:23:49.877136+00:00,2026-08-16T14:29:09.459913+00:00,2,مازن محمود ,1,True
27494029,https://www.dubizzle.com.eg/ad/duplex-in-lotus-new-cairo-direct-from-owner-اللوتس-التجمع-الخامس-ID207531820.html,sale,Duplex in Lotus New Cairo - Direct from Owner - اللوتس التجمع الخامس,6500000,210,3,3,Duplex,Ready,Cash,Yes,5th Settlement,The Core,"Size: 210 m²
Bedrooms: 3
Bathrooms: 3
Large Open Kitchen & Kitchenette in second floor
Garage: For 1 Car
Utilities: Gas & Internet Included
Floor: 3rd Floor
Location: Near AUC & Club Street
Ready to Move

Sold with the kitchen and coffee corner included
Available for long-term furnished rental only

No commission – Direct from the owner – No brokers, please. 
 
South Lotus, New Cairo, near AUC. Close to Agora Mall, One Golden Square, Golden Gate, C Park Mall, EDNC by SODIC, The Core Mall, Royal Club, Wadi Degla Club, Al Ahly Club, El Zohour Club, and top international schools including Repton, Leaders, and Elite. 

دوبلكس للبيع – مباشر من المالك | بدون عمولة

الموقع: بالقرب من الجامعة الأمريكية وشارع النوادي و النادي الاهلي

المساحة: 210 م²
الطابق: الثالث والرابع (وليس الأخير)
يوجد مصعد
وحدة جانبية وليست أمامية

تفاصيل الوحدة:
3 غرف نوم
3 حمامات
مطبخ أمريكي (مفتوح) كبير
جاهزة للسكن والانتقال فورًا
الشقة بحري
لا توجد بلكونة

الدور الاول: ريسبشن و مطبخ و حمام
الدور الثاني: غرفة ماستر و غرفتين نوم و حمام و كوفي كورنر بمجلس صغير

المميزات:
جراج خاص يتسع لسيارة واحدة
الغاز الطبيعي
إنترنت متوفر
البيع بالمطبخ و الكوفي كورنر فقط

بدون عمولة – البيع مباشر من المالك
نرجو قراءة الإعلان جيدًا
ممنوع الوسطاء
للتواصل الجادين فقط

اللوتس الجنوبية – القاهرة الجديدة، بالقرب من الجامعة الأمريكية (AUC)، وبالقرب من أجورا مول، وان جولدن سكوير، جولدن جيت، سي بارك مول، EDNC سوديك، وذا كور مول، بالإضافة إلى رويال كلوب، وادي دجلة، النادي الأهلي، نادي الزهور، ومدارس ريبتون، ليدرز، وإليت الدولية.",2026-08-16T14:15:09.485732+00:00,2026-08-16T14:19:54.026948+00:00,2,Omar Ahmed,2,True
28905029,https://www.dubizzle.com.eg/ad/شقة-ارضي-٢٢٥م-بحديقة-٢٣٢م-في-كمبوند-بروميناد-وادي-دجلةالتجمع-الخامس-ID208459890.html,sale,شقة ارضي  ٢٢٥م بحديقة ٢٣٢م في كمبوند بروميناد (وادي دجلة)التجمع الخامس,8500000,225,3,3,Apartment,Ready,Cash,No,5th Settlement,Promenade New Cairo,"شقة أرضي مميزة جداً بحديقة خاصة بمساحة شاسعة (أكبر من مساحة الشقة) في كمبوند بروميناد التجمع الخامس (Promenade New Cairo) - بتطوير شركة وادي دجلة العقارية المتميزة.   
 التفاصيل الأساسية (Quick Specs):
 المساحة الداخلية: 225 متر مربع  
 مساحة الحديقة الخاصة: 232 متر مربع  
 الدور: أرضي  
 رقم العمارة: 8-A (شقة رقم 1)  
 الموقع: التجمع الخامس - قطاع الأندلس (منطقة الجامعات) - قطعة 21  
 المطور العقاري: شركة وادي دجلة للتنمية العقارية  
 حالة الأوراق: عقد بيع نهائي وموثق ومستوفى بالكامل.   
 مميزات الوحدة والكمبوند:
 خصوصية تامة: حديقة خاصة عملاقة تحيط بالشقة بالكامل لتوفر لك ولعائلتك متنفساً رائعاً ومساحة كافية للجلسات الخارجية أو اللاندسكيب.   
 تقسيم داخلي ذكي: تصميم هندسي ممتاز يستغل كافة المساحات الداخلية بكفاءة عالية.   
 موقع استراتيجي هادئ: في قلب منطقة الأندلس بالقرب من أهم الجامعات، المولات، والمناطق الخدمية والترفيهية بالتجمع الخامس.",2026-08-16T13:08:24.774181+00:00,2026-08-16T13:13:51.840929+00:00,2,Mahmoud Shawky,1,True
29241063,https://www.dubizzle.com.eg/ad/شقة-للبيع-120م-في-النرجس-الجديدة-من-المالك-مباشرة-شقة-للبيع-120م-في-ال-ID208678795.html,sale,شقة للبيع 120م في النرجس الجديدة من المالك مباشرة شقة للبيع 120م في ال,3500000,120,3,1,Apartment,Ready,Cash,No,5th Settlement,,"للبيع من المالك مباشرة. . شقة 120م في النرجس الجديدة (التجمع الخامس) شقة مميزة في الدور الأول بموقع ممتاز في النرجس الجديدة، قريبة من الطرق الرئيسية ومنطقة الخدمات. الشقة استلام السنة دي (2026). 120 متر تقسيمة ممتازة بدون هدر. التقسيم الداخلي: 3 غرف نوم + حمام + ريسبشن + مطبخ. نصف تشطيب (محارة وحلوق) عشان تشطب على ذوقك السعر: 3,500,000 جنيه.",2026-08-16T12:06:17.423830+00:00,2026-08-16T12:18:36.553726+00:00,2,Yousra Ahmed,1,True
29309431,https://www.dubizzle.com.eg/ad/من-المالك-شقه-للبيع-في-كمباوند-لافونتين-بالتجمع-الخامس-المربع-الذهبي-ID208723743.html,sale,من المالك شقه للبيع في كمباوند لافونتين بالتجمع الخامس المربع الذهبي,7500000,173.00,3,3,Apartment,Ready,Cash or Installment,No,5th Settlement,,شقه ١٧٣ متر نصف تشطيب فيو مميز إستلام ٦ / ٢٠٢٧ متبقي مليون جنيه شامل الصيانة أقساط حتي ٢٠٣١,2026-08-15T19:13:17.219153+00:00,2026-08-15T19:13:43.489523+00:00,3,Walid Mahmoud ,1,True
29068348,https://www.dubizzle.com.eg/ad/شقة-للبيع-بالتجمع-الخامس-حي-الاندلس-22-ID208567565.html,sale,شقة للبيع بالتجمع الخامس حي الاندلس 2/2,3400000,145,2,2,Apartment,Ready,Cash,No,5th Settlement,,"شقة للبيع بالتجمع الخامس حي الاندلس 2/2
واجهة بحرية على الشارع
قريبة من شارع التسعين
الدور الرابع بعد الأرضي - نصف تشطيب 
حصة في الأرض
مالك أصيل ومسجلة شهر عقاري
ميساحة الشقة  145 متر مربع + حق انتفاع  39 متر من الروف 
2غرف نوم (منهم غرفة ماسترمع الحمام)+2حمام  شامل حمام الماستر + مطبخ + ريسبشن كبير 
مدخل رخام للعمارة - تشطيب حجر هاشمي للواجهة – اسانسير
السعر 3 مليون و 400 ألف جنيه كاش",2026-07-28T17:57:06.908819+00:00,2026-08-15T16:52:40.433008+00:00,3,مهندس محمود,2,True
29103644,https://www.dubizzle.com.eg/ad/استديو-للبيع-التجمع-الاندلس-بالقرب-من-القطامية-ديونز-ID208591376.html,sale,استديو للبيع التجمع الاندلس بالقرب من القطامية ديونز,1600000,70,1,1,Studio,Ready,Cash,No,5th Settlement,,"التجمع - الأندلس
موقع هادي ومميز بالقرب من محمد نجيب وماركت هليوبلس - ميفيدا - 
مساحة مثالية للراحة:
٥٠ م٢٠ /20م جاردن خاصة
نقسيم عملي:
غرفة نوم + ريسبشن + مطبخ أمريكان + حمام
تشطيب الترا سوبر لوكس:
ريسبشن بورسلين فاخر
• غرفة نوم باركيه سيراميك
• جبس بورد فلات مودرن
• شبابيك PVC عازلة للصوت
يوجد صور لنموذج التشطبب
الاستلام بعد 10 أيام  
السعر النهائي ( لفترة محدودة ) : ١٬٦٠٠,٠٠٠ جنيه
[redacted phone number]#[redacted phone number]#((01027805019))",2026-07-31T15:47:17.687277+00:00,2026-08-14T21:20:29.199480+00:00,3,علاء صالح,2,True
28895324,https://www.dubizzle.com.eg/ad/luxury-finished-apartment-for-sale-in-arabella-ready-to-move-300m-ID208454949.html,sale,Luxury finished apartment for sale in arabella | ready to move | 300m,10000000,300,3,3,Apartment,Ready,Cash,No,5th Settlement,,"من المالك ​للبيع شقة مميزة جداً بمساحة ٣٠٠ متر مربع مقابل أرابيلا بلازا، التجمع الخامس! 
​تتميز الشقة بتشطيب سوبر لوكس، وتقع في موقع حيوي وقريب من جميع الخدمات، وتضم الدور الأول، بالإضافة إلى تراسين و ٣ غرف نوم و غرفة معيشة و ٣ قطع رسيبشن. 
​فرصة رائعة للسكن أو الاستثمار. 
​",2026-08-14T19:30:24.191873+00:00,2026-08-14T19:31:17.177933+00:00,4,Mohamed Atif,1,True
29291991,https://www.dubizzle.com.eg/ad/شقة-للبيع-فى-التجمع-الحى-الخامس-بيت-الوطن-ID208711190.html,sale,شقة للبيع فى التجمع الحى الخامس بيت الوطن,4375000,250,3,2,Apartment,Off-plan,Cash,No,5th Settlement,,"شقة 250م للبيع في الحي الخامس بيت الوطن – دقائق من النادي الأهلي

شقة مميزة للبيع في الحي الخامس بموقع استراتيجي، دقيقة من الفيوزون وثاني نمرة من خدمات الحي، وقريبة من النادي الأهلي. 

تفاصيل الشقة:
المساحة: 250 متر
الدور الثالث
3 غرف نوم
ليفنج
2 حمام
دقائق من النادي الأهلي
موقع مميز بالقرب من جميع الخدمات

إجمالي السعر: 4,375,000 جنيه
سعر المتر: 17,500 جنيه

 للتواصل:  [redacted phone number]#(01025498620)",2026-08-14T12:59:09.589481+00:00,2026-08-14T13:02:16.045445+00:00,4,Abdalrahman Mahmoud,1,True
29006572,https://www.dubizzle.com.eg/ad/promenade-new-cairo-225m2-apartment-for-sale-ID208527154.html,sale,Promenade New Cairo 225m² Apartment for Sale,9652765,225,3,3,Apartment,Ready,Installment,No,5th Settlement,Promenade New Cairo,"من المالك مباشرة – بدون عمولة استلام فوري 

شقة للبيع ريسيل في Promenade New Cairo من Wadi Degla Developments. 

* المساحة: 225 م²
* النوع: Type A
* المطور: Wadi Degla Developments
* الكمبوند: Promenade New Cairo
* الصيانة: مدفوعة بالكامل
* الأقساط: مدفوعة بالكامل حتى تاريخه
* التنازل يتم رسميًا من خلال Wadi Degla
* البيع من المالك مباشرة – بدون عمولة وسيط

المطلوب كاش / أوفر: 3,200,000 جنيه

الأقساط المتبقية: 6,452,765 جنيه

إجمالي تكلفة الوحدة للمشتري: حوالي 9,652,765 جنيه

للمقارنة: سعر وحدة مماثلة بمساحة 225 م² من المطور يبدأ حاليًا من حوالي 10.8 مليون جنيه، بالإضافة إلى حوالي 10% وديعة صيانة ومصاريف إدارية (8.5% + 1.5%)، ليصل إجمالي التكلفة إلى حوالي 11.88 مليون جنيه. 

وديعة الصيانة الخاصة بهذه الوحدة مدفوعة بالكامل. 

فرصة لشراء وحدة مماثلة بإجمالي تكلفة أقل بشكل ملحوظ، مع استكمال الأقساط المتبقية. 

يتميز Promenade New Cairo بالمساحات الخضراء واللاندسكيب، والأمن على مدار 24 ساعة، بالإضافة إلى موقع مميز وسهولة الوصول إلى شارع التسعين الجنوبي والـ AUC والطرق الرئيسية. 

للجادين فقط. جدول الأقساط وتفاصيل التنازل الرسمي متاحة عند الطلب.",2026-07-24T09:12:42.298414+00:00,2026-08-14T08:04:08.099906+00:00,4,Ramy Nagy,1,True
28933096,https://www.dubizzle.com.eg/ad/فرصة-مميزة-للبيع-بڤيلات-الحي-الثالث-ID208481574.html,sale,فرصة مميزة للبيع بڤيلات الحي الثالث,6950000,185,3,2,Apartment,Ready,Cash,No,5th Settlement,,"شقة للبيع بڤيلات الحي الثالث - التجمع الخامس
من المالك مباشرة
185 متر مربع تحميل قديم
بالقرب من ميدان مصطفي بغدادي 
دقيقة من محكمة التجمع الخامس وسعودي
موقع مميز جداً 
ريسبشن 4 قطعة ، 3 نوم ، 2 حمام ، 3 بلكونة 
تشطيب مصمم ديكور ، دهانات چوتن ، ألوميتال بالكامل، سبوت لايت ، چيبسوم بورد ، أطقم صحي مستوردة 
الدور الثاني 
مطلوب 6 مليون 950 ألف كاش
المعاينة يوميا بميعاد مسبق.",2026-07-24T10:52:52.596135+00:00,2026-08-14T01:14:32.642283+00:00,4,Mohamed gamal,1,True
29284175,https://www.dubizzle.com.eg/ad/شقة-للبيع-في-هايد-بارك-من-المالك-مباشرة-استلام-فوري-ID208705349.html,sale,شقة للبيع في هايد بارك من المالك مباشرة استلام فوري,6700000,75,1,1,Apartment,Ready,Installment,No,5th Settlement,,"شقة للبيع استلام فوري في هايد بارك من المالك مباشرة 
٧٥م
غرفة و رييبشن و حمام و مطبخ 
الدور الخامس

مطلوب كاش ١. ٦ مليون شامل الصيانه والنادي والاوفر برايس 
قسط ٦٧,٠٠٠ كل ٣ شهور

يوجد ١٦٧٥٠٠ مصاريف تنازل يدفعها المشتري
اقل من سعر الشركه ب ٢ مليون جنيه",2026-08-13T16:29:16.058511+00:00,2026-08-13T16:33:38.928182+00:00,5,Beshoy Nabil,1,True
29283781,https://www.dubizzle.com.eg/ad/شقه-للبيع-بكمبوند-مستشاري-هيئة-قضايا-الدولة-بمنطقه-الاندلس-ID208705116.html,sale,شقه للبيع بكمبوند مستشاري هيئة قضايا الدولة بمنطقه الاندلس,3800000,150,3,2,Apartment,Ready,Cash,No,5th Settlement,,"كمبوند مستشاري هيئة قضايا الدولة
*التعامل مع المالك مباشرة ( السعر قابل للنقاش )*

- شقة ١٥٠متر 
- الدور الثالث واجهه اماميه علي اللاند سكيب 
- باكية جراج
- نص تشطيب + حصة في الارض
- الوميتال بتاع الشقة راكب
- باب مصفح
- ١ اسانسير 
- عداد كهرباء ، وعداد مياة ، والتليفونات ، والغاز
- اللاند سكيب خلصان
- ٣ غرف 
- ٢ حمام 
- مطبخ 
- ريسبشن

*الشقة مفيش عليها اي مستحقات*

*مكانها في الاندلس التجمع الخامس*

- المكان مميز جدا جمب الجامعة الامريكية وجمبك الدائري وطريق السخنة ومنطقة جامعات ومدارس",2026-08-13T16:06:06.897459+00:00,2026-08-16T10:25:15.740981+00:00,2,اللواء جمال,1,True
26774393,https://www.dubizzle.com.eg/ad/شقه-متشطبه-فى-اللوتس-الجنوبيه-للبيع-ID207019773.html,sale,شقه متشطبه فى اللوتس الجنوبيه للبيع,5000000,150,3,3,Apartment,Ready,Cash,No,5th Settlement,,شقه متشطبه سوبر لوكس للبيع فى اللوتس الجنوبيه. . دقيقه من  التسعين الجنوب وامام كومباوند سوديك ١٥٠ متر دور تالت جانبى. . عداد كهرباء و عداد مياه منفصل وماتور مياه منفصل. . . . اسانسير. . . ٣ غرف ٣حمام. . . . ريسبشن حوالى ٣٠ متر. . . . غاز طبيعي. . . تليفون ارضى ونت.,2026-08-15T13:41:50.138020+00:00,2026-08-15T19:13:54.757751+00:00,3,احمد,1,True
28121032,https://www.dubizzle.com.eg/ad/شقه-للبيع-بدون-اوفر-في-التجمع-الخامس-كمبوند-trio-gardens-ID207943891.html,sale,شقه  للبيع بدون اوفر  في التجمع الخامس كمبوند TRIO GARDENS,15000000,230,4,5,Apartment,Off-plan,Installment,No,5th Settlement,Trio Gardens,"Apartment For Sale @ Parkside Trio gardens

230 meters

3rd floor facing North

Flexi finishing

2 parking slots

Reception + Dining + Living-room 

3 master bedrooms + nanny

Delivery 12/2027

Maintenance to be paid june/2027 before delivery



Downpayment 6,000,000

Remaining 9,000,000

Qtr installments: 430,000



For more info please call or text

I’m the owner

 Seif El-Din Ihab

[redacted phone number]#[redacted phone number]#([redacted phone number]#([redacted phone number]#((01116555660))))",2026-08-11T13:48:13.844328+00:00,2026-08-11T13:48:46.972060+00:00,7,Seif Ihab,1,True
28407570,https://www.dubizzle.com.eg/ad/دوبليكس-للبيع-بكمبوند-امام-ميدان-الهايدبارك-وعلى-ش٩٠-الجنوبي-مباشرة-ID208137578.html,sale,دوبليكس للبيع  بكمبوند امام ميدان الهايدبارك وعلى ش٩٠ الجنوبي مباشرة,4800000,260,4,3,Duplex,Ready,Cash,No,5th Settlement,,"دوبليكس عبارة عن شقة دور اخير وفوقها رووف للبيع في كمبوند الواحة سيتى (مأموري الضرائب)  اول نمرة على ميدان الهايد بارك وشارع التسعين الجنوبي مباشرة . . . 
-  دوبليكس عبارة عن وحدتين فوق بعض فيو جاردن دبل فيس بحرية قبلية . . . 
- الوحدة الاولى شقة ١٤٠م٢ دور اخير
- الوحدة الثانية روف ٤٠م٢ + ٨٠ تراس فوق الشقة
- مساحه الشقه 140متر 
3 غرفه + 2 حمام + ٢ ريسبشن 
+ مطبخ   
- مساحة الروف 40 متر عبارة عن غرفة  + ريسبشن + حمام + تراس اكثر من 80 متر  . 
- اجمالى مساحة المبانى الشقة والروف 180م٢ ويمكن اضافة تراس 80 متر . 
-  اجمالى  التقسمة (عدد الغرف ٤ + ٣ ريسبشن + ٣ حمام + مطبخ + تراس ). . 
- استلام فورى 
- خـالصة الثمن
- نصف تـشطـيب  
- اسانسير 
- جميع المرافق ( الغاز  والمياة 
والكهرباء ) . 
- حصتين فى الأرض وحصتين فى المول وحصتين فى البارك . 
- لسرعة البيع اقل سعر متر على شارع التسعين الجنوبى 
- مطلوب  اجمالي 4.8 مليون جنية   . 
- متاح امكانية التنازل للمشترى بالجمعية . 
- من المالك مباشرة",2026-08-05T14:35:31.498146+00:00,2026-08-13T13:27:06.488749+00:00,5,احمد يس,1,True
29276442,https://www.dubizzle.com.eg/ad/finished-and-ready-to-moverent-ID208701948.html,sale,Finished and ready to move/Rent,9500000,185,2,3,Apartment,Ready,Cash,No,5th Settlement,,فل Bosco masr Italy المساحه ١٨٥ م متشطبه  بالكامل وجهازه على السكن وتقع بالدور الاول فوق الارضى  تقريبا على حمام السباحه والكلب هاوس ومسدد الجراج والنادى وليس عليها اى اقساط مسدده بالكامل والتشطيب سوبر لوكس وبها كهرباء ومياه وجاهزه للسكن الفورى,2026-08-13T12:25:16.702386+00:00,2026-08-13T12:31:23.127781+00:00,5,استاذ مو فهمى,2,True
14953571,https://www.dubizzle.com.eg/ad/شقة-للايجار-١١٥م-في-كمبوند-سكن-مصر-التجمع-الثالث-ID196628638.html,rent,شقة للايجار ١١٥م في كمبوند سكن مصر التجمع الثالث,9995,115.00,3,1,Apartment,,,No,5th Settlement,,"*براجاء عدم اتصال الوسطاء نهائيا منعا للاحراج حتي لو مفيش عمولة برضو متتصلش*
*لو حضرتك المستأجر مباشرة فا انا مالك الشقة ومفيش عمولة واهلا بيك كمل قرأة التفاصيل جيدا قبل الاتصال بي حفاظا علي وقتك ووقتي* 

شقة للايجار في التجمع الثالث في كمبوند سكن مصر مسلسل ٥ علي طريق العين السخنة القديم

مواصفات الشقة : 
المساحة ١١٥م - ٣ غرف وريسبشن كبير و ٢ بلكونة علي فيو جميل  - الدور الرابع بدون اسانسير- جميع العدادات والغاز راكب وشغال  - الوايفاي متركب وشغال سرعته بتعدي ال ١٠٠ ميجا في الثانية 

مواصفات العمارة :

في واحدة من افضل عمارات المسلسل بالمميزات التالية:

١. يوجد كاميرات للعمارة بالكامل تساعدك علي الامان لأسرتك
٢. اكثر العمارات اهتماما بالنظافة وافضل جيران
٣. سور حول الكمبوند و افراد أمن ٢٤ ساعة
٤. يوجد انتركم داخل شقتك تقدر تفتح باب العمارة منه وتتلكم مع الضيف الي بيرن 
٥. تتميز بالواجهة البحرية والحديقة الامامية للعمارة
٦. يوجد سوبرماركت جنب العمارة علطول هيغطي كل احتياجاتك الاساسية
٧. المواصلات علي بعد ٨ دقائق مشي 
٨. موقف الحمد علي بعد ١٠ دقائق بالعربية
٩. التسعين علي بعد ١٣ دقيقة بالعربية 


سعر الإيجار 10 الاف و التأمين 20 الاف 
(التأمين قابل للاسترداد)

اقرأ التالي جيدا قبل ان تتصل:

لو حضرتك بتدور علي شقة تستقر فيها مدة طويلة اكتر من ٣ سنين فا الشقة دي مش مناسبة لحضرتك

عقد الايجار هيبقي سنة واحدة فقط
وارد نجدد سنة او اتنين كمان بحد اقصي ،  بناء علي الالتزام في الدفع و دا اذا لم احتاجها لزواجي بعد السنة الاولي او الثانية من الايجار

لا يوجد نقاش في السعر
غير متاح ايجار للأعزب
الايجار للأسر المصرية فقط

 ‏لازم يبقي زوج وزوجة مع بعض واحد لوحدة مينفعش

يفضل حديثي الزواج ولو في اطفال سنهم لا يتعدي ٣ سنوات او يبقي اولادك اكبر من ١٨ سنة

من قواعد وتعليمات الكومبوند ممنوع الستائر في البلوكونات الخارجية للحفاظ علي شكل العمارات الخارجي و ممنوع نشر الملابس علي سور البلكونة الخارجي

 
لو متفقين في كل ما سبق ابعتلي علي الواتساب [قولي انك قريت الاعلان كويس و متفقين في كل النقاط المذكورة وعايز تشوف فيديو للشقة و اللوكيشن بتاعها

[redacted phone number]#(01156141612) رقمي المالك

التواصل الاول يكون واتساب مش اتصال",2026-08-15T05:50:29.414258+00:00,2026-08-15T05:51:01.264807+00:00,3,احمد,1,True
28365943,https://www.dubizzle.com.eg/ad/direct-from-owner-villette-apartment-for-rent-ID208112675.html,rent,Direct from Owner - Villette Apartment for Rent,80000,160,2,3,Apartment,,,Yes,5th Settlement,Villette,"Premium 2 Bedroom apartment in Sky Kondos Villette
-Fully furnished 
-3rd floor
-Basement parking spot
-1 year contract
-80/month

Please contact on whatsapp",2026-08-14T16:05:19.213672+00:00,2026-08-14T16:05:59.204189+00:00,4,Waly Abdellatif,1,True
29290324,https://www.dubizzle.com.eg/ad/شقة-فى-كومباوند-90-avenue-بجوار-الجامعة-الامريكية-ID208709877.html,rent,شقة فى كومباوند 90 avenue بجوار الجامعة الامريكية,60000,185,3,4,Apartment,,,No,5th Settlement,90 Avenue,"١٨٥ متر ، ريسيبشن مربع ، ٣ غرف نوم منهم غرفة ماستر + غرفة نانى بحمام ، مطبخ بدون اجهزة ، بيسين فى الكومباند ،ً ٤ تكيفات ,
 خط ارضى و خط نت ، شهر مقدم و شهرين تأمين",2026-08-14T11:16:19.679516+00:00,2026-08-14T11:17:04.265272+00:00,4,User 9Re32x,1,True
28905644,https://www.dubizzle.com.eg/ad/شقه-للايجار-في-التجمع-الخامس-كومباوند-فيفث-سكوير-من-المالك-ID208460278.html,rent,شقه للايجار في التجمع الخامس - كومباوند فيفث سكوير - من المالك,60000,136,2,2,Hotel Apartment,,,Yes,5th Settlement,,"شقة فندقية فاخرة غرفتين وصالة في فيفث سكوير المراسم – التجمع الخامس

 شقة فندقية راقية للإيجار اليومي – الشهري – السنوي داخل كمبوند فيفث سكوير المراسم بالتجمع الخامس، أحد أرقى وأفخم كمبوندات القاهرة الجديدة. 

 التعامل مباشرة مع المالك (بدون وسيط). 

تناسب:
 العائلات
 رجال الأعمال
 الزوار من خارج مصر
 الشباب الملتزم فقط

إذا كنت تبحث عن إقامة هادئة وفاخرة تجمع بين الراحة والخصوصية، فهذه الشقة هي الاختيار الأمثل، حيث تشعر وكأنك تقيم داخل منتجع (Resort) متكامل الخدمات. 

مميزات الشقة:
• غرفتا نوم مجهزتان بالكامل. 
• صالة استقبال أنيقة. 
• مطبخ مجهز بكافة الأجهزة. 
• حمامان. 
• تكييفات. 
• إنترنت Wi-Fi سريع. 
• أثاث وتشطيبات فندقية راقية. 
• جاهزة للسكن فورًا. 

مميزات كمبوند فيفث سكوير المراسم:
 مساحات خضراء واسعة ومناظر طبيعية. 
 حمامات سباحة. 
 ممشى للجري والمشي. 
 مسارات للدراجات. 
 مناطق ألعاب للأطفال. 
 كافيهات ومطاعم. 
 سوبر ماركت وخدمات يومية. 
 نادي رياضي وخدمات ترفيهية. 
 جراجات خاصة. 
 أمن وحراسة 24 ساعة مع بوابات إلكترونية وكاميرات مراقبة. 
 نظافة وصيانة مستمرة. 
 أجواء هادئة ومثالية للإقامة والاسترخاء. 

الموقع:
 قلب التجمع الخامس – القاهرة الجديدة. 
دقائق من:
• شارع التسعين. 
• الجامعة الأمريكية (AUC). 
• كايرو فيستيفال سيتي. 
• بوينت 90. 
• أهم المولات والمطاعم والكافيهات. 

 متاحة للإيجار:
 يومي
 أسبوعي
 شهري
 سنوي

 للحجز والاستفسار يرجى التواصل مباشرة مع المالك. 
[redacted phone number]#(+٢٠١٠٠٢٩٥٠٧٣٠)",2026-08-13T17:47:50.113410+00:00,2026-08-14T04:25:15.352462+00:00,4,Ahmed FeKry - احمد فكرى,1,True
29276345,https://www.dubizzle.com.eg/ad/للإيجار-مفروش-شقة-مميزة-فيو-مفتوح-غرفتين-ماستر-كومباوند-المراسم-155متر-ID208701905.html,rent,للإيجار مفروش شقة مميزة فيو مفتوح غرفتين ماستر كومباوند المراسم 155متر,65000,155.00,2,3,Apartment,,,Yes,5th Settlement,,"أنا المالك دكتور حازم *مش بروكر*. 
. 
*متاحة الآن*
*الإيجار* 65 ألف شهريا. 
*التأمين* شهرين. 
*العمولة* نصف شهر للسنة وشهر للسنتين. 
*مدد طويلة فقط لا تقل عن سنة*
. 
للإيجار مفروش شقة مميزة 155 متر غرفتين ،كومباوند المراسم، التجمع الخامس. 
. 
الدور الخامس ويوجد اسانسير. 
. 
فرش وتشطيب فندقي، فيو مفتوح ،أول سكن، بجوار ال club house ويوجد جراج. 
*فرش وتكييفات ومطبخ*
. 
الغرفة الأول ماستر بحمام ودريسينج. 
الغرفة الثانية ماستر بحمام. 
الشقة 3 حمام. 
. 
للتواصل واتس اب
[redacted phone number]#(01277393333)",2026-08-13T09:15:51.745075+00:00,2026-08-13T09:27:01.875349+00:00,5,دكتور حازم هاشم,1,True
29239344,https://www.dubizzle.com.eg/ad/sodic-eastown-ground-floor-private-garden-brand-new-direct-owner-ID208678036.html,rent,"SODIC Eastown | Ground Floor, Private Garden, Brand New | Direct Owner",65000,148,2,4,Apartment,,,No,5th Settlement,Sodic East,"Brand New – Never Lived In | Ground Floor + Private Garden | SODIC Eastown | Direct Owner
 5th Settlement — walking distance to AUC | 10 min walk to EDNC & clubhouse
* 148m² | 2 Bedrooms (Master + Dressing) | 2 Bathrooms
* Maid's Room + Private Bath
* Private Garden: 115m² — all rooms overlook the garden
* Unmatched privacy — no buildings facing the garden
* Garden set away from parking — quiet, no drive-through noise
* Private independent entrance from the garden via a calm side street — separate from the main building entrance, ideal for guests
* Additional dedicated parking available through this private entrance
* Premium finishing: Italian marble, porcelain bathrooms & kitchen, high-end woodwork
* Unfurnished — fitted kitchen and ACs included, move in with zero setup cost
 EGP 65,000/month   Ready for immediate move-in  WhatsApp only: [redacted phone number]#(01005535567) — message to arrange a viewing


 لم تُسكن من قبل | دور أرضي بحديقة خاصة | إيست تاون - سوديك | من المالك مباشرة
 التجمع الخامس – على بعد دقائق من الجامعة الأمريكية بالقاهرة | 10 دقائق سيرًا النادي و EDNC
* المساحة 148 م² | غرفتين نوم (ماستر مع درسنج) | 2 حمام
* غرفة خادمة + حمام خاص
* حديقة خاصة 115 م² – جميع الغرف تطل على الحديقة
* خصوصية فريدة – لا توجد مبانٍي مطلة على الحديقة
* الحديقة بعيدة عن الجراج – هدوء تام بدون ضوضاء
* مدخل خاص ومستقل من الحديقة عبر شارع جانبي هادئ – منفصل عن مدخل المبنى الرئيسي، مثالي لاستقبال الضيوف
* أماكن انتظار سيارات إضافية متاحة من خلال هذا المدخل الخاص
* تشطيب سوبر لوكس: رخام إيطالي، بورسلين حمامات ومطبخ، أعمال خشبية فاخرة
* غير مفروشة – مطبخ مجهز وتكييفات، جاهزة للسكن فورًا بدون تكاليف إضافية
 الإيجار: 65,000 جنيه شهريًا | تسهيلات في السداد  التسليم فوري  التواصل عبر واتساب فقط: [redacted phone number]#(01005535567) – راسلنا لتحديد موعد المعاينة",2026-08-10T13:36:29.407891+00:00,2026-08-11T21:55:05.722221+00:00,6,Abdullah,1,True
29239032,https://www.dubizzle.com.eg/ad/شقة-في-ليك-فيو-ريزيدنس-مفروشة-للايجار-اول-استخدام-بحمام-سباحة-خاص-ID208677894.html,rent,شقة في ليك فيو ريزيدنس مفروشة للايجار اول استخدام بحمام سباحة خاص,180000,191,3,3,Apartment,,,,5th Settlement,,"لمتطلبين الفخامه والسكن الراقي الوحيدة فرش فندقي في كومبوند ليك فيو ريزيدنس اول استخدام فيرست يوز 
ارضي بحمام سباحة وجاردن كبيره بفرش خارجي وكاونتر خارجي
شهرين تامين
واتساب لارسال الصور [redacted phone number]#(01129588558)",2026-08-10T13:16:27.657501+00:00,2026-08-10T17:20:01.055856+00:00,8,User 5Oj5Yy,2,True
28700405,https://www.dubizzle.com.eg/ad/شقة-ألترا-سوبر-لوكس-كمبوند-حياتي-ريزيدنس-ID208327869.html,rent,شقة ألترا سوبر لوكس كمبوند حيّاتي ريزيدنس,30000,185,3,2,Apartment,,,No,5th Settlement,,"شقة في كمبوند حياتي ريزيدنس جنب The Yard و Garden 8
تشطيب ألترا سوبر لوكس
١٨٥ م+ روف ١٠٠ م
٣ غرف مكيفة و مطبخ و حمامين و ريسبشن كبيرو تراس بطول الريسبشن 
الدور الرابع و فيها اسانسير",2026-08-10T12:17:29.571310+00:00,2026-08-10T12:25:21.422391+00:00,8,عبدالرؤوف عبدالرؤوف,1,True
29197676,https://www.dubizzle.com.eg/ad/شقة-فخمه-مفروشة-للايجار-من-المالك-مباشرا-في-كومبوند-هايد-بارك-ID208650946.html,rent,شقة فخمه مفروشة للايجار من المالك مباشرا في كومبوند هايد بارك,90000,169,3,3,Apartment,,,Yes,5th Settlement,,"للايجارات والمعاينات تواصل عالواتساب علي رقم [redacted phone number]#(01129588558) 
فرصة لعشاق الفخامه والهدوء والفيو الروعه شقة مفروشه في هايد بارك في بارك كورنر ممتازه فيرست يوز تكيفات كاريير في جميع الشقه وريسبشن واسع وغرف واسعه ومراتب علي اعلي مستوي وجميع المفروشات براندات واجهزه جديده وتلفزيون لكل غرفه",2026-08-07T14:04:22.519003+00:00,2026-08-07T14:06:34.405468+00:00,11,User 5Oj5Yy,2,True
28769738,https://www.dubizzle.com.eg/ad/من-المالك-للإيجار-3-غرف-معيشة-مفروش-نيوم-نيو-كايرو-بورتو-ID208373941.html,rent,من المالك -  للإيجار 3 غرف + معيشة - مفروش - نيوم نيو كايرو - بورتو,85000,180,3,4,Apartment,,,Yes,5th Settlement,Porto New Cairo,"للايجار من المالك شقة دوبلكس مفروشة بالكامل في كمبود نيوم نيو كايرو (بروتو نيو كايرو سابقا) مبنى بارك مول في التجمع الخامس - شارع التسعين أمام الجامعة الأمريكية. 
المساحة: 180 م
دوبلكس 3 غرف نوم منهم 2 ماستر + غرفة معيشة + 4 حمام + استقبال + مطبخ.  مدخل فندقي و 3 مصاعد للبرج. الدور الثالث والرابع. اطلالة امامية على المول والبحيرات الصناعية وملاعب بادل. اطلالة خلفية على حمام السباحة.  اثاث مودرن، اجهزة إل جي، مراتب تاكي وسمارت، مفارش ايكيا، ستائر معتمة. تم عمل دهان للشقة بالكامل وصيانة للتكييفات والأجهزة الكهربائيه والأثاث والسباكة والكهرباء.  إمكانية عمل تعديلات بسيطة في الأثاث بناء على طلب العميل. 

مول تجاري كبير في نفس المبنى يتوفر به العديد من المحلات التجارية والمطاعم والكافيهات ولولو هايبر ماركت
حمامات سباحة
ملعب كرة قدم
مناطق العاب للاطفال
جراج سيارات مغطى
امن 24 ساعة وكاميرات مراقبة 
تكييف مركزي ونظام مكافحة الحريق داخل الوحدة السكنية
85,000 شهري عقد سنوي دفعات ربع سنوية بدون عمولة اقل مدة 6 شهور. 
متوفر فيديو من خلال الواتس
[redacted phone number]#(01000707334)

For Rent by Owner – Fully Furnished Duplex Apartment in Nyoum New Cairo Compound (formerly Porto New Cairo), Park Mall Building, Fifth Settlement – 90th Street, in front of AUC (American University in Cairo). 

Area: 180 sqm
Duplex – 3 bedrooms (2 of which are master bedrooms) + living room + 4 bathrooms + reception + kitchen. 
Hotel-style entrance with 3 elevators serving the tower. Located on the 3rd and 4th floors. Front view overlooking the mall, artificial lakes, and padel courts. Back view overlooking the swimming pool. 
Modern furniture, LG appliances, Taki and Smart mattresses, IKEA bedding, blackout curtains. The apartment has been fully repainted, with maintenance completed on the AC units, electrical appliances, furniture, plumbing, and wiring. 
Minor furniture adjustments possible upon request. 

Building amenities:
Large commercial mall within the same building, with numerous shops, restaurants, cafes, and Lulu Hypermarket
Swimming pools
Football pitch
Kids' play areas
Covered car garage
24-hour security and surveillance cameras
Central AC and fire suppression system inside the unit

Rent: 85,000 EGP/month, annual contract, quarterly payments, no commission. 
Minimum lease: 6 months. 
Video available via WhatsApp. 
[redacted phone number]#(01000707334)",2026-08-07T02:38:55.532285+00:00,2026-08-07T02:39:36.775400+00:00,11,Akram,1,True
29321402,https://www.dubizzle.com.eg/ad/اعلان-دوبلكس-فيلا-100-ID208730592.html,sale,اعلان دوبلكس فيلا 100,10850000,360,8,4,Duplex,Ready,Cash or Installment,,5th Settlement,,للبيع دوبلكس مميز بمساحة كبيرة، يتكون من **8 غرف نوم و4 حمامات**، بالدور الأرضي، جاهز للسكن والاستلام الفوري. يتميز بتقسيم عملي ومساحات واسعة تناسب العائلات الكبيرة، مع تشطيب جيد وموقع مميز. فرصة مناسبة للسكن أو الاستثمار.,2026-08-16T16:24:31.793190+00:00,2026-08-16T16:45:03.216837+00:00,2,Ahmed Saeid,1,True
29322237,https://www.dubizzle.com.eg/ad/شقة-للبيع-كومبوند-الزهوة-بجوار-الجامعة-الامريكية-٣-غرف-ID208731029.html,sale,شقة للبيع كومبوند الزهوة بجوار الجامعة الامريكية ٣ غرف,6000000,190.00,3,2,Apartment,Ready,Cash,No,5th Settlement,,شقة ١٩٠ متر للبيع بكومبوند الزهوة بجوار الجامعة الامريكية و نادي الزهور دور ٤ نصف تشطيب ، ٣ غرف و مطبخ اميركن و ٢ حمام ، يوجد اسانسير و جميع المرافق و الخدمات. مباشرة من المالك التواصل علي [redacted phone number]#(01150005200),2026-08-16T15:52:25.067594+00:00,2026-08-17T19:01:12.935372+00:00,1,Hatem  Mostafa ,1,True
28989156,https://www.dubizzle.com.eg/ad/بأسعار-زمان-استلم-فورا-شقه-بارقى-احياء-التجمع-الخامس-قريبة-من-المحكمة-ID208515089.html,sale,بأسعار زمان استلم فورا شقه بارقى احياء التجمع الخامس قريبة من المحكمة,5800000,240,3,3,Apartment,Ready,Cash,No,5th Settlement,,"بالحى الثالث التجمع الخامس 
استلم فورا شقه 240 متر 
الترا سوبر لوكس 
دور ثالث 
اسانسير 
عداد كهرباء 
غاز طبيعي 
تليفون ارضي 
فيو مفتوح 
قريبة من مسجد فاطمه الشربتلي ومحكمة القاهرة الجديدة 
ومول اربيلا 
وبالقرب من جميع الخدمات والمدارس والجامعات الدولية 
استقبال 3 قطع 3 غرف نوم 3 حمام مطبخ كبير 
سعر الكاش 5 مليون و 850 الف
التعامل مباشر مع المالك 
بدون عمولات أو وسطاء او سماسرة
للتفاصيل [redacted phone number]#(01044400601)",2026-08-12T14:06:26.377794+00:00,2026-08-12T15:04:28.342199+00:00,6,hatem elayat,2,True
29323266,https://www.dubizzle.com.eg/ad/شقة-مفروشة-للإيجار-بالمستثمرين-الجنوبية-ID208731665.html,rent,شقة مفروشة للإيجار بالمستثمرين الجنوبية,30000,175,3,2,Apartment,,,Yes,5th Settlement,,شقة مفروشة للإيجار بالمستثمرين الجنوبية - عائلي٣ - محور محمد نجيب - ٣ غرف - ٢ حمام - مفروشة و مكيفة بالكامل,2026-08-16T17:06:51.383233+00:00,2026-08-16T17:14:16.462012+00:00,2,عمرو,1,True
29306735,https://www.dubizzle.com.eg/ad/تشطيب-فاخر-٣-غرف-٣-حمامات-١٧٠-متر-الدور-الثاني-ID208721815.html,rent,تشطيب فاخر ٣ غرف ٣ حمامات ١٧٠ متر الدور الثاني,25000,170.00,3,3,Apartment,,,No,5th Settlement,,"المساحه :١٧٠ متر 
الدور : الثاني  
في اسانسير : متاح 
كام شهر تأمين : شهرين
اقل مده عقد : سنه
٣ غرف 
٣ حمامات 
ريسبشن ٣ قطع",2026-08-15T15:24:12.553434+00:00,2026-08-15T15:29:29.548075+00:00,3,Maha,1,True
29310329,https://www.dubizzle.com.eg/ad/ultra-supberlux-fully-finished-2br-ID208724487.html,sale,Ultra Supberlux  Fully Finished 2BR,6000000,135,2,2,Apartment,Ready,Cash or Installment,Yes,5th Settlement,,"غرفتين نوم ١٣٥ متر
ارضيات HDF
سقف جيبسون بورد Indirect Lights
طقم شيش شبابيك Shutters كامل كهرباء
مطبخ American",2026-08-15T20:36:19.037093+00:00,2026-08-15T21:07:25.986647+00:00,2,Ahmed Shaarawy,1,True
29298544,https://www.dubizzle.com.eg/ad/شقه-فندقيه-دوبلكس-سوديك-ايستاون-ID208716518.html,rent,شقه فندقيه دوبلكس سوديك ايستاون,7000,240,3,4,Apartment,,,Yes,5th Settlement,Eastown,"شقه تربلكس شقه ثلاث طوابق بجوار الجامعه الامريكيه  علي شارع التسعين الرئيسي في افخم كمبوند التجمع الخامس استون سوديك 
شقه ثلاث غرف 
-4 حمامات - 
رسبشكن كبير جدا 
3 ليفينج روم

شقه فندقيه مفروشه للايجار اليومي و الاسبوعي والشهري في ارقي مواقع التجمع الخامس بجوار الجامعه الامريكيه - شارع
التسعين ( كومبند Eastown Sodic) شقه تريبل
دوبلكس ٣ ادوار - ٣ غرف منهم واحده Master
- ٥ سراير - ٤ حمامات - Living ٢ - روف كبير
مجهز - Wi-Fi - قنوات Bein Sport - جميع
- House Keeping",2026-08-14T23:34:45.719131+00:00,2026-08-14T23:37:49.920117+00:00,3,Ahmed Roshedy,2,True
29298018,https://www.dubizzle.com.eg/ad/شقة-فندقية-راقية-للإيجار-بالقرب-من-الجامعة-الأمريكية-بالتجمع-ID208716049.html,rent,شقة فندقية راقية للإيجار بالقرب من الجامعة الأمريكية بالتجمع,40000,131.00,2,2,Apartment,,,Yes,5th Settlement,,"فرصة مميزة للسكن الراقي في واحدة من أرقى مناطق القاهرة الجديدة 
للإيجار شقة مفروشة بالكامل – سوبر هاي لوكس مودرن بمساحة 131 م² في المستثمرين الجنوبية، بموقع مميز وقريب من الجامعة الأمريكية (AUC). 
تفاصيل الشقة:
 المساحة: 131 م²
 غرفتان نوم مجهزتان بـ 3 أسرّة: 1 Double + 2 Single
 غرفة جلوس أنيقة ومريحة
 2 حمام
 الدور الثاني + أسانسير
 جهة بحري للتهوية والإضاءة الطبيعية
إطلالة على الشارع
 تشطيب Modern Super High Lux
2 تكييف بغرف النوم
 جميع الأجهزة الكهربائية متوفرة
  جراج
 موقع قريب من الجامعة الأمريكية
 الإيجار: 40,000 جنيه شهريًا
شقة جاهزة للسكن فورًا، تجمع بين الرقي، الراحة، الموقع المميز والتجهيز الكامل — مناسبة لمن يبحث عن مستوى سكن راقٍ بدون أي عناء تجهيز. 
 للتواصل والاستفسار: واتساب فقط",2026-08-14T22:27:49.742833+00:00,2026-08-14T22:29:27.870394+00:00,3,Abdelrahman El Qady,1,True
29326241,https://www.dubizzle.com.eg/ad/janna-new-cairo-جنه-القاهره-الجديده-ID208733929.html,rent,Janna new Cairo  جنه القاهره الجديده,14000,130,3,2,Apartment,,,No,5th Settlement,,"Apartment 130 M² Super lux in Jannat Misr Compound - New Urban Communities Authority من المالك مباشره بدون عموله ، الوسطاء يمتنعون 
شقه بكمبوند جنه مصر القاهرة الجديدة 
قريبه من الجامعه الامريكيه
 و من شارع التسعين الجنوبي
بها جميع العدادات 
معاد تاسيس السباكه بالكامل 
و مزوده بكشافات اضاءه و مطبخ حديث 
علي الفرش و السكن مباشره 
باب مصفح تركي 
فيو جاردن 
الدور الخامس

تكرار الإعلان من البروكر غير مسموح
المعاينه مسموحه بداء من الشهر الجديد شهر ٩ و شكرا",2026-08-16T21:33:58.961215+00:00,2026-08-17T08:37:42.852833+00:00,1,Mr. Abdelrahman ,1,True
28052936,https://www.dubizzle.com.eg/ad/التجمع-الخامس-النرجس-عمارات-قريب-من-مسجد-فاطمة-الشربتلي-ID207901473.html,sale,التجمع الخامس - النرجس عمارات - قريب من مسجد فاطمة الشربتلي,5800000,175.00,3,2,Apartment,Ready,Cash,No,5th Settlement,,"شقة للبيع في النرجس عمارات التجمع الخامس تشطيب سوبر لوكس 
-مساحة 175  متر (تحميل قديم) تعادل 210 بالتحميل الجديد
-  الدور الاول علوي – أول بلكونة
- أسانسير و انتركوم
- 3 غرف نوم منهم غرفة ماستر بالحمام
- صالة 3 قطع ريسبشن
-عدد الحمامات 2 حمام شامل حمام غرفة النوم
-بلكونة علي الشارع
-مطبخ كبير
- واصل غاز طبيعي وتليفون ارضي وانترنت وكاميرات مراقبة
-نوع تشطيب: سوبر لوكس
- لها حصة بالارض
- شارع يوسف الجندي النرجس عمارات قريب من مسجد فاطمة الشربتلي",2026-07-20T12:42:27.379070+00:00,2026-08-18T17:41:37.822245+00:00,0,مهندس محمود,2,True
16804903,https://www.dubizzle.com.eg/ad/شقة-دوبلكس-امام-مدارس-رويال-كولدج-وريتاج-بالمستثمرين-الجنوبية-ID198479971.html,rent,شقة دوبلكس امام مدارس رويال كولدج وريتاج بالمستثمرين الجنوبية,47000,240,3,3,Duplex,,,Yes,5th Settlement,,شقة بمساحة٢٤٠متر مستويين بأرقي موقع  بالمستثمرين الجنوبية متوفر كافة الخدمات امام عدة مدارس دولية باركنج خاص حديقة تشطيب سوبر لوكس تصلح مكاتب ادارية للشركات مفروش بالكامل اثاث مكتبي تكييفات سخانات مدخل خاص,2026-08-15T08:04:31.179259+00:00,2026-08-15T08:20:24.047399+00:00,3,HB,2,True
29328975,https://www.dubizzle.com.eg/ad/prime-280m2-ground-floor-apartment-for-sale-in-new-cairo-opposite-ka-ID208736228.html,sale,Prime 280m² Ground Floor Apartment for Sale in New Cairo | Opposite Ka,12000000,280,3,3,Apartment,Ready,Cash,No,5th Settlement,Cairo Festival City,"Prime 280m² Semi-Finished Ground Floor Apartment – Directly Opposite Katameya Heights
An outstanding opportunity to acquire a spacious 280 m² ground-floor apartment situated in one of the most accessible and sought-after pockets of New Cairo (5th Neighborhood). Perfect for buyers looking to customize their dream finishings in a high-value area. 

Property Features:
Total Area: 280 m²
Floor: Ground Floor (Building equipped with an elevator)
Bedrooms: 3 (Includes 1 Master Bedroom)
Bathrooms: 3 (Includes Master Ensuite)
Outdoor Space: Balcony overlooking the main street
Finishing Status: Semi-Finished (Delivered as-is, ready for custom fit-out)
Delivery: Immediate / Ready to move
Location Highlights:
Directly in front of Katameya Heights
5 mins from Arabella Plaza
10 mins from Cairo Festival City Mall (CFC)
10 mins from 5A Waterway

Financial Details:
Asking Price: 12,000,000 EGP
Payment Terms: Cash",2026-08-17T07:42:36.456128+00:00,2026-08-17T07:45:16.409235+00:00,1,Mina Maximous,1,True
29138094,https://www.dubizzle.com.eg/ad/فرصة-استثمارية-شقة-للبيع-في-التجمع-الخامس-5th-settlement-orla-ID208614780.html,sale,فرصة استثمارية - شقة للبيع في التجمع الخامس | 5th Settlement - Orla,7708000,164,3,3,Apartment,Off-plan,Installment,No,5th Settlement,,"للبيع وحدة مميزة داخل كمبوند ORLA بالقاهرة الجديدة،
من أفضل مواقع التجمع الخامس. 
الموقع:على طريق السويس مباشرة. 
دقائق من شارع التسعين. 
بالقرب من الرحاب، مدينتي، الجامعة الأمريكية، والعاصمة الإدارية الجديدة. 

 تفاصيل الوحدة:
 المساحة: 164 متر
 الدور الرابع (تحت التنفيذ)
 3 غرف نوم
 ريسيبشن واسع
 3 حمامات
 مطبخ
 فيو مفتوح على الشارع الرئيسي واللاند سكيب
 تم سداد مقدم 400,000 جنيه. 
اوفر ممتاز

تفاصيل اكتر عن السعر والوحدة الرجاء التواصل على رقم [redacted phone number]#(01558002685)",2026-08-17T07:20:50.872821+00:00,2026-08-17T07:30:25.995487+00:00,1,Mohammed ahmed,1,True
29215660,https://www.dubizzle.com.eg/ad/direct-owner-mountain-view-hyde-park-208-sqm-ID208664215.html,sale,Direct Owner | Mountain View Hyde Park | 208 SQM,14800000,208,3,3,Apartment,Ready,Cash,No,5th Settlement,Mountain View Hyde Park,"أنا مالك الوحدة مباشرة وأعرضها للبيع في Mountain View Hyde Park. 

• موقع مميز جداً داخل الكمبوند
• إطلالة مفتوحة على البحيرة والحدائق من ناحية
• إطلالة على الفيلات من الناحية الأخرى
• بدون مباني مرتفعة حول الوحدة
• تشطيب كامل
• بالتكييفات
• المطبخ شامل
• مساحة 208 متر بتقسيمة نادرة وعدد محدود جداً من الوحدات بنفس التقسيمة داخل الكمبوند

الوحدة تتميز بالخصوصية والإطلالات المفتوحة من الناحيتين. 

البيع من المالك مباشرة – للتواصل والاستفسار أو تحديد موعد للمعاينة



Direct Owner | Mountain View Hyde Park | 208 SQM

I’m the direct owner of this 208 sqm unit in Mountain View Hyde Park and offering it for sale. 

• Premium location inside the compound
• Open lake & garden view from one side
• Villas view from the other side
• No high-rise buildings surrounding the unit
• Fully finished
• ACs installed
• Kitchen included
• 208 sqm with a rare layout – very few units with this layout are available in the compound

A very private and open location with great views from both sides. 

Direct from owner – serious buyers are welcome to contact me for details and viewing.",2026-08-08T22:02:46.612067+00:00,2026-08-17T11:03:17.660899+00:00,1,Omar,1,True
25094029,https://www.dubizzle.com.eg/ad/شقة-للبيع-التجمع-الخامس-دقيقتين-من-الجامعة-الأمريكية-استلام-فوري-ID205817327.html,sale,شقة للبيع التجمع الخامس – دقيقتين من الجامعة الأمريكية – استلام فوري,12750000,255,4,3,Apartment,Ready,Cash,No,5th Settlement,La Vista City,"شقة للبيع في التجمع الخامس – القاهرة الجديدة
موقع مميز جداً دقيقتين من الجامعة الأمريكية وقريب من شارع التسعين
أمام كمبوند La Vista City

فرصة حقيقية للسكن أو الاستثمار في أفضل مناطق التجمع الخامس
Acasa new Cairo compound 
تفاصيل الشقة:
	•	المساحة: 255 متر
	•	3 غرف نوم + ليفينج
	•	ريسبشن 3 قطع كبير
	•	3 واجهات
	•	فيو مفتوح تماماً
	•	الشقة غير مجروحة نهائياً
	•	مكان مخصص في الجراج
	•	الشقة جاهزة للتشطيب فوراً
	•	استلام فوري

 ميزة خاصة للمشتري:
رسومات تشطيب 3D كاملة هدية تساعدك تنفذ الشقة بأفضل تصميم. 

مميزات الموقع:
	•	قريب من الجامعة الأمريكية
	•	قريب من شارع التسعين
	•	دقائق من أهم خدمات التجمع الخامس
	•	منطقة هادئة ومميزة للسكن والاستثمار

السعر مميز لسرعة البيع

 البيع من المالك مباشرة
 بدون عمولة
 للجادين فقط
 الوسطاء يمتنعون

 التواصل واتساب مباشرة

[redacted phone number]#[redacted phone number]#([redacted phone number]#((01006670770)))

هادي عادل – المالك

التجمع الخامس
القاهرة الجديدة
شقة للبيع التجمع الخامس
قرب الجامعة الأمريكية
شارع التسعين
شقة للبيع القاهرة الجديدة
شقة 3 غرف التجمع الخامس
شقة استلام فوري
شقة من المالك مباشرة
شقة للبيع بدون عمولة",2026-08-17T06:47:36.551706+00:00,2026-08-17T06:51:50.534597+00:00,1,hady Adel,2,True
28966354,https://www.dubizzle.com.eg/ad/luxury-furnished-ground-floor-apartment-with-private-garden-for-rent-ID208501770.html,rent,Luxury Furnished Ground Floor Apartment with Private Garden for Rent,75000,140,2,3,Apartment,,,Yes,5th Settlement,,"Luxury Furnished Apartment for Rent

* 2 Bedrooms
* 3 Bathrooms
* Brand-new furniture (never used)
* Private Garden
* Ground Floor
* Ready to move in



For more information or to schedule a viewing:
 [redacted phone number]#([redacted phone number]#([redacted phone number]#(+20 100 403 0546)))

After-Sales Agent",2026-08-17T09:52:33.248297+00:00,2026-08-18T10:31:58.717341+00:00,0,Ahmed el Amir,1,True
29338060,https://www.dubizzle.com.eg/ad/شقة-165-متر-ب-icity-إستلام-فوري-على-النادي-مع-جراج-مدفوع-و-اشتراك-نادي-ID208740462.html,sale,شقة 165 متر ب Icity إستلام فوري على النادي مع جراج مدفوع و اشتراك نادي,6900000,165,3,3,Apartment,Ready,Cash,No,5th Settlement,Mountain View iCity,"للبيع شقة مميزة بمساحة 165 متر بالمرحلة الأولى في كمبوند  Mountain View Icity new Cairo على النادي مباشرة  
3 غرف نوم 
3 حمامات 
جراج مدفوع 
اشتراك نادي مدفوع 
تصميم عملي ومساحات مناسبة للعائلات

فرصة مميزة للسكن والاستثمار داخل iCity، مع الاستلام الفوري والاستفادة من خدمات ومرافق الكمبوند",2026-08-17T19:33:43.420131+00:00,2026-08-17T19:40:23.295098+00:00,1,User 1ii8O9,1,True
27832887,https://www.dubizzle.com.eg/ad/apartment-for-sale-in-new-cairo-شقه-للبيع-بالتجمع-الخامس-حي-القضاه-ID207756603.html,sale,Apartment for Sale in New Cairo شقه للبيع بالتجمع الخامس - حي القضاه,6100000,200,3,2,Apartment,Ready,Cash,Yes,5th Settlement,,"Second floor apartment in a 3-floor building with roof (no elevator). 
Area: 200 sqm - 160 sqm (net). 

* 3 bedrooms
* 2 bathrooms
* Modern, high-end finishing
* Fully equipped kitchen
* One furnished bedroom with air conditioning
* Fully furnished reception

Prime location in Tagamoa El Khames – Hay El Qodah, just steps from Arabella Plaza Mall, OLA gas station, and GUC. 

The apartment is sold fully furnished. 

Directly from the owner (no broker)

Price: 6,100,000",2026-08-17T15:55:51.394422+00:00,2026-08-17T16:00:13.417070+00:00,1,mohamed,1,True
29340432,https://www.dubizzle.com.eg/ad/شقة-جديدة-للايجار-تشطيب-اعلى-شيء-التجمع-الخامس-اللوتس-ID208742195.html,rent,شقة جديدة للايجار تشطيب اعلى شيء التجمع الخامس اللوتس,30000,185.00,3,2,Apartment,,,No,5th Settlement,,"شقة في حي اللوتس الجديدة التجمع الخامس في صينية المونوريل
امام شركة البترول البحرية و مدرسة كابيتال إنترناشيونال 
مساحة ١٨٥ متر . شقة مربعة و ده مش موجود في التجمع كثير 
٣ غرف واسعة  تقريبا ٣٨٠ وغرفة ٤ متر ماستر بحمام كبير
الشقة ٢ حمام 
مطبخ كبير وراكب خشب بولي لاك كله كامل 
بلكونة كبيرة تطل على شارع واسع جدا غير مجروح امام شركة البترول البحرية وكل الغرف تفتح على نفس الشارع
مكتبتين تليفزيون كاملين مع وحدات الادراج 
الشقة بها غرفة نوم جديدة لم تستخدم نهاءيا وراكب دريسينج خشبي كامل واسع 
الشقة بها ليزي بوي معاها لم يستخدم كذلك
متاح ايجار ب تليفزيون او بدون ٤٣ بوصة

الشقه  بها ٤ مكيفات راكبة
اسانسير ومكان قدام العمارة كبير للسيارات لان العمارة  ناصية",2026-08-17T20:01:14.182820+00:00,2026-08-18T08:16:28.536944+00:00,0,احمد,1,True
29340187,https://www.dubizzle.com.eg/ad/شقة-للإيجار-كمبوند-تاون-ريزيدنس-قضاة-مجلس-الدولة-التجمع-الخامس-ID208741984.html,rent,شقة للإيجار - كمبوند تاون ريزيدنس - قضاة مجلس الدولة - التجمع الخامس,20000,160,3,2,Apartment,,,No,5th Settlement,,"شقة للإيجار - كمبوند تاون ريزيدنس - قضاة مجلس الدولة - التجمع الخامس -  160م

 على شارع التسعين الجنوبي و أمام هايد بارك و كمبوند الكزار
بالقرب من محطة باصات مركزية
بجوار الطريق الدائري الأوسطي
الدور الأول - تشطيب سوبر لوكس

صالة استقبال قطعتين
3 غرف (غرفة رئيسة بحمام + 2 غرفة)
1  تراس + 2 بلكونة صغيرة
مطبخ - حوض ورخام - غاز طبيعي
باكية جراج مميزة

جاهزة لتوصيل انترنت فيبر",2026-08-17T19:36:39.001987+00:00,2026-08-17T19:38:21.532569+00:00,1,حازم ممدوح,1,True
29325687,https://www.dubizzle.com.eg/ad/شقة-بفيلا-للايجار-جنوب-الأكاديمية-ID208733513.html,rent,شقة بفيلا للايجار جنوب الأكاديمية,19000,152.00,3,1,Apartment,,,No,5th Settlement,,"شقة فيو حديقة كبيرة بحري بفيلا للعائلات  بمنطقة الفلل  جنوب الأكاديمية  بتشطيبات الترا لوكس وديكورات بوحدات الإضائة بالكامل عبارة عن ٣ غرف نوم وريسبشن قطعتين ومطبخ وحمام جديدة  بمنطقة كلها فلل راقية جدا  وقريبة من كايرو فيستيفال
لا للوسطاء والسماسرة",2026-08-17T13:03:25.451725+00:00,2026-08-17T13:13:18.206549+00:00,1,حسام,1,True
29305126,https://www.dubizzle.com.eg/ad/كبودالواحة-سيتي-قطعة-٧٠-ارض-الجمعيات-ID208720815.html,rent,كبودالواحة سيتي قطعة ٧٠ ارض الجمعيات,15000,130.00,3,2,Apartment,,,No,5th Settlement,,شقة ايجار محدد المدة  مطلوب عائلة,2026-08-17T12:54:21.852141+00:00,2026-08-17T18:16:46.429126+00:00,1,دلال سعيد صيام,1,True
29352257,https://www.dubizzle.com.eg/ad/apartment-for-sale-5th-settlement-ID208749025.html,sale,apartment for sale 5th settlement,6000000,189.00,3,2,Apartment,Ready,Cash,No,5th Settlement,,"متاح للبيع شقه ١٨٩ متر في حي ٤/٣ بجوار مسجد فاطمه الشربتلي التجمع الخامس
الشقه دور رابع باسانسير ٣ غرف  منهم غرفة ماستر و ٢ حمام تشطيب الترا سوبر لوكس بالمطبخ و الارضيه بكامل الشقه والغرف باركيه مسمار",2026-08-18T15:48:31.634306+00:00,2026-08-18T16:06:16.170470+00:00,0,abdelaziz,1,True
27521917,https://www.dubizzle.com.eg/ad/شقه-٢٠٠-متر-للبيع-فى-كمبوند-زيزينيا-ID207550228.html,sale,شقه ٢٠٠ متر للبيع فى كمبوند زيزينيا,6750000,200,3,3,Apartment,Ready,Cash or Installment,No,5th Settlement,,"شقة للبيع في كمبوند زيزينيا التجمع الخامس. مساحه ٢٠٠ متر صافي. تطل علي وجهتين. الشقه بحري تشطيب سوبر لوكس 
رسيبشن ٣ غرف
ليفنج
٣ غرف نوم منهم غرفه ماستر بدريسينج
٣ حمام
٢ بلكونة",2026-08-18T15:12:04.362473+00:00,2026-08-18T15:33:24.358059+00:00,0,Omar Imam,3,True
29351523,https://www.dubizzle.com.eg/ad/شقة-للبيع-على-التسعين-الشمالى-مباشرة-ID208748628.html,sale,شقة للبيع على التسعين الشمالى مباشرة,4500000,145,2,2,Apartment,Ready,Cash,Yes,5th Settlement,,"شقه ١٤٥ متر غرفتين واحده فيهم مفتوحه على الرسيبشن و التانيه ماستر بحمام. مفروشه بالكامل بدون اجهزه تشطيب فندقي كما هو موضح بالصور 
Hdf الماني للارضيات 
حمامات بورسلين مستورد مطعم بالرخام المستورد",2026-08-18T15:07:17.362646+00:00,2026-08-18T15:31:14.621202+00:00,0,Omar Imam,3,True
29351327,https://www.dubizzle.com.eg/ad/apartment-ground-garden-شقة-ارضى-بجنينة-دوبلكس-التجمع-الخامس-الحى-ID208748551.html,sale,Apartment Ground + Garden- شقة ارضى بجنينة (دوبلكس)-التجمع الخامس-الحى,8000000,205,5,3,Duplex,Ready,Cash,Yes,5th Settlement,,"Apartment for Sale - Ground with garden (Exterior Duplex)
شقة ارضى بجنينة - الحى الثانى - التجمع الخامس - واجهه بحرى
الشقة ١٦٥ متر - ٣ غرف - ١ حمام - مطبخ - ريسيبشن ٢ قطعة
ومعها ٢ غرفة بالحديقة (كل غرفة ٢٠ متر)  + ٢ حمام - حديقة امامية ٤٠ متر و حديقة خلفية ٦٥ متر
- متصالح عليها كلها
- ⁠عداد مياه خاص
- ⁠عداد كهربا خاص
- ⁠عداد غاز خاص
- ⁠حصة بالجراج
مطلوب 8 مليون
للتواصل [redacted phone number]#(01277006749)",2026-08-18T14:57:37.135714+00:00,2026-08-18T15:19:51.059059+00:00,0,Atef Wahba,1,True
29304866,https://www.dubizzle.com.eg/ad/أرضى-بجنينة-155-متر-و-الجنينة-30-متر-باللوتس-الشمالية-ID208720651.html,sale,أرضى بجنينة 155 متر و الجنينة 30 متر باللوتس الشمالية,6500000,185,3,3,Apartment,Ready,Cash,No,5th Settlement,,"شقة دورأرضى 155 متر و الجنينة 30 متر مع غرف خدمة فى الجنينة
اللوتس الشمالية - خلف مسجد أحمد مؤنس
متوفر جراج
تشطيب سوبر لوكس 
متوفر فيديوا عند التواصل واتساب
الاستلام فورى 
أنا المالك - لطفا ممنوع تواصل السماسرة منعا للإحراج-
التواصل واتساب فقط:
[redacted phone number]#(01124208383)",2026-08-18T13:35:30.488545+00:00,2026-08-18T13:55:09.519811+00:00,0,User 0Sm1fq,1,True
29344605,https://www.dubizzle.com.eg/ad/للإيجار-شقة-سوبر-لوكس-مفروشه-ID208745528.html,rent,للإيجار شقة سوبر لوكس مفروشه,30000,160.00,3,2,Apartment,,,Yes,5th Settlement,,"للإيجار من المالك مباشرة شقة مفروشه تشطيب سوبر لوكس _  التجمع الخامس _ جاردنيا ١ بالقرب من مسجد الرحمن الرحيم ومحور جمال عبد الناصر
التليفون : [redacted phone number]#(01116103131)
الواتس : [redacted phone number]#(01009880430)",2026-08-18T08:38:00.303733+00:00,2026-08-18T08:38:53.527207+00:00,0,Mostafa Osman ,1,True
29353128,https://www.dubizzle.com.eg/ad/شقه-مفروشه-للايجار-بالتجمع-للايجار-مدد-طويلة-او-قصيره-ID208749580.html,rent,شقه مفروشه للايجار بالتجمع للايجار مدد طويلة او قصيره,3000,180.00,3,2,Hotel Apartment,,,Yes,5th Settlement,,شقه مفروشه للايجار بالتجمع مفروشه بالكامل فرش مودرن وتشطيبات خاصه مكون من ثلاث غرف نوم 2 حمام مطبخ رسيبشن دور اول يوجد غاز طبيعي وانتركم خط ارضي اسانسير انترنت للإيجار يومي +شهريا يوجد لدينا وحدات مختلفه بأسعار مختلفه للتواصل [redacted phone number]#(01146448647) فون او وتساپ,2026-08-18T16:50:35.383228+00:00,2026-08-18T16:51:39.081779+00:00,0,فارس ,1,True
29351236,https://www.dubizzle.com.eg/ad/شقة-للايجار-مفروش-بفيلات-النرجس-٢-خطوات-من-التسعين-و-فندق-دوسيت-ID208748502.html,rent,شقة للايجار مفروش  بفيلات النرجس ٢ خطوات من التسعين  و فندق دوسيت,35000,240.00,3,3,Apartment,,,Yes,5th Settlement,,للايجار لاصحاب الفخامه  مفروش باقى أحياء التجمع الخامس منطقة فيلات النرجس ٢ بحرى على حديقة قريبة من الخدمات و شارع التسعين الجنوبي و فندق دوسيت فرش فندقي كاميرات مراقبة امن اسانسير تليفون ارضي و نت  ٣ نوم منها غرفة ماستر  و ٣ حمام و ريسبشن ٣ قطع و تراث  فيو حديقة  [redacted phone number]#(٠١٠٩٤٤٨١٨١٨),2026-08-18T14:50:59.464153+00:00,2026-08-18T15:06:32.904276+00:00,0,Wail Al Hadad,3,True
29343034,https://www.dubizzle.com.eg/ad/شقه-اول-سكن-في-تمر-حنه-امام-palm-hills-بمدخل-خاص-وجاردن-خاص-ID208744213.html,rent,شقه اول سكن في تمر حنه امام Palm hills بمدخل خاص وجاردن خاص,12000,295.00,3,2,Apartment,,,Yes,5th Settlement,,"شقه اول سكن مساحه ٢٩٥ متر و ٢٢٠ متر جاردن 
حمام سباحه
جراچ خاص
بوابه ومدخل خاص 
خصوصيه كامله 
 خاص تشطيب سوبر لوكس 
٣ غرف ٢ حمام تكيف مركزي 
وغرفه ماستر مكيفه بالكامل 
يوجد بها جميع الخدمات اجهزه مطبخ كامله 
كوفي كورنر",2026-08-18T01:37:17.497720+00:00,2026-08-18T01:41:45.455089+00:00,0,Abdelrahman,1,True
